{
    "Linear Regression": {
        "R2": 0.5989891541529526,
        "RMSE": 68192.72481952568,
        "MAE": 49341.47780192487
    },
    "Decision Tree": {
        "R2": 0.6785665920410755,
        "RMSE": 61052.786626027475,
        "MAE": 40121.3900674588
    },
    "Random Forest": {
        "R2": 0.772239677391482,
        "RMSE": 51392.41418874849,
        "MAE": 33345.31629909114
    }
}